<?xml version="1.0" encoding="UTF-8"?>
<infinispan
        xmlns:xsi="http://www.w3.org/2001/XMLSchema-instance"
        xsi:schemaLocation="urn:infinispan:config:13.0 http://www.infinispan.org/schemas/infinispan-config-13.0.xsd"
        xmlns="urn:infinispan:config:13.0">

    <cache-container name="keycloak">
        <transport lock-timeout="60000"/>

        <local-cache-configuration name="local-cache-cfg">
            <encoding>
                <key media-type="application/x-java-object"/>
                <value media-type="application/x-java-object"/>
            </encoding>
        </local-cache-configuration>

        <local-cache name="realms" configuration="local-cache-cfg">
            <memory max-count="10000"/>
        </local-cache>

        <local-cache name="users" configuration="local-cache-cfg">
            <memory max-count="10000"/>
        </local-cache>


        <local-cache name="keys" configuration="local-cache-cfg">
            <expiration max-idle="3600000"/>
            <memory max-count="1000"/>
        </local-cache>

        <local-cache name="authorization" configuration="local-cache-cfg">
            <memory max-count="10000"/>
        </local-cache>

        <distributed-cache name="authenticationSessions" owners="2">
            <expiration lifespan="-1"/>
        </distributed-cache>

        <distributed-cache name="sessions" owners="2">
            <expiration lifespan="-1"/>
            <remote-store xmlns="urn:infinispan:config:store:remote:13.0"
                          cache="sessions"
                          fetch-state="false"
                          purge="false"
                          preload="false"
                          shared="true"
                          segmented="false"
                          connect-timeout="${env.KEYCLOAK_REMOTE_ISPN_CONN_TIMEOUT:2000}"
                          raw-values="true"
                          marshaller="org.keycloak.cluster.infinispan.KeycloakHotRodMarshallerFactory">
                <remote-server host="infinispan-server" port="${infinispan.bind.port:11222}"/>

                <security>
                    <authentication>
<!--                        <plain username="${env.KEYCLOAK_REMOTE_ISPN_USERNAME:keycloak}"-->
<!--                               password="${env.KEYCLOAK_REMOTE_ISPN_PASSWORD:password}"-->
<!--                        />-->
                        <digest username="${env.KEYCLOAK_REMOTE_ISPN_USERNAME:keycloak}"
                                password="${env.KEYCLOAK_REMOTE_ISPN_PASSWORD:password}"
                                realm="default"/>
                    </authentication>
                    <!-- <encryption>
                        <truststore filename="${env.KEYCLOAK_REMOTE_ISPN_TRUSTSTORE_PATH:/opt/keycloak/conf/ispn-truststore.jks}"
                                    password="${env.KEYCLOAK_REMOTE_ISPN_TRUSTSTORE_PASSWORD:password}"
                                    type="${env.KEYCLOAK_REMOTE_ISPN_TRUSTSTORE_TYPE:JKS}"/>
                    </encryption> -->
                </security>
            </remote-store>
        </distributed-cache>

        <distributed-cache name="clientSessions" owners="2">
            <expiration lifespan="-1"/>
            <remote-store xmlns="urn:infinispan:config:store:remote:13.0"
                          cache="clientSessions"
                          fetch-state="false"
                          purge="false"
                          preload="false"
                          shared="true"
                          segmented="false"
                          connect-timeout="${env.KEYCLOAK_REMOTE_ISPN_CONN_TIMEOUT:2000}"
                          raw-values="true"
                          marshaller="org.keycloak.cluster.infinispan.KeycloakHotRodMarshallerFactory">
                <remote-server host="infinispan-server" port="${infinispan.bind.port:11222}"/>
                <security>
                    <authentication>
                        <!--                        <plain username="${env.KEYCLOAK_REMOTE_ISPN_USERNAME:keycloak}"-->
                        <!--                               password="${env.KEYCLOAK_REMOTE_ISPN_PASSWORD:password}"-->
                        <!--                        />-->
                        <digest username="${env.KEYCLOAK_REMOTE_ISPN_USERNAME:keycloak}"
                                password="${env.KEYCLOAK_REMOTE_ISPN_PASSWORD:password}"
                                realm="default"/>
                    </authentication>
                    <!-- <encryption>
                        <truststore filename="${env.KEYCLOAK_REMOTE_ISPN_TRUSTSTORE_PATH:/opt/keycloak/conf/ispn-truststore.jks}"
                                    password="${env.KEYCLOAK_REMOTE_ISPN_TRUSTSTORE_PASSWORD:password}"
                                    type="${env.KEYCLOAK_REMOTE_ISPN_TRUSTSTORE_TYPE:JKS}"/>
                    </encryption> -->
                </security>
            </remote-store>
        </distributed-cache>

        <distributed-cache name="offlineSessions" owners="2">
            <expiration lifespan="-1"/>
            <remote-store xmlns="urn:infinispan:config:store:remote:13.0"
                          cache="offlineSessions"
                          fetch-state="false"
                          purge="false"
                          preload="false"
                          shared="true"
                          segmented="false"
                          connect-timeout="${env.KEYCLOAK_REMOTE_ISPN_CONN_TIMEOUT:2000}"
                          raw-values="true"
                          marshaller="org.keycloak.cluster.infinispan.KeycloakHotRodMarshallerFactory">
                <remote-server host="infinispan-server" port="${infinispan.bind.port:11222}"/>
                <security>
                    <authentication>
                        <!--                        <plain username="${env.KEYCLOAK_REMOTE_ISPN_USERNAME:keycloak}"-->
                        <!--                               password="${env.KEYCLOAK_REMOTE_ISPN_PASSWORD:password}"-->
                        <!--                        />-->
                        <digest username="${env.KEYCLOAK_REMOTE_ISPN_USERNAME:keycloak}"
                                password="${env.KEYCLOAK_REMOTE_ISPN_PASSWORD:password}"
                                realm="default"/>
                    </authentication>
                    <!-- <encryption>
                        <truststore filename="${env.KEYCLOAK_REMOTE_ISPN_TRUSTSTORE_PATH:/opt/keycloak/conf/ispn-truststore.jks}"
                                    password="${env.KEYCLOAK_REMOTE_ISPN_TRUSTSTORE_PASSWORD:password}"
                                    type="${env.KEYCLOAK_REMOTE_ISPN_TRUSTSTORE_TYPE:JKS}"/>
                    </encryption> -->
                </security>
            </remote-store>
        </distributed-cache>

        <distributed-cache name="offlineClientSessions" owners="2">
            <expiration lifespan="-1"/>
            <remote-store xmlns="urn:infinispan:config:store:remote:13.0"
                          cache="offlineClientSessions"
                          fetch-state="false"
                          purge="false"
                          preload="false"
                          shared="true"
                          segmented="false"
                          connect-timeout="${env.KEYCLOAK_REMOTE_ISPN_CONN_TIMEOUT:2000}"
                          raw-values="true"
                          marshaller="org.keycloak.cluster.infinispan.KeycloakHotRodMarshallerFactory">
                <remote-server host="infinispan-server" port="${infinispan.bind.port:11222}"/>
                <security>
                    <authentication>
                        <!--                        <plain username="${env.KEYCLOAK_REMOTE_ISPN_USERNAME:keycloak}"-->
                        <!--                               password="${env.KEYCLOAK_REMOTE_ISPN_PASSWORD:password}"-->
                        <!--                        />-->
                        <digest username="${env.KEYCLOAK_REMOTE_ISPN_USERNAME:keycloak}"
                                password="${env.KEYCLOAK_REMOTE_ISPN_PASSWORD:password}"
                                realm="default"/>
                    </authentication>
                    <!-- <encryption>
                        <truststore filename="${env.KEYCLOAK_REMOTE_ISPN_TRUSTSTORE_PATH:/opt/keycloak/conf/ispn-truststore.jks}"
                                    password="${env.KEYCLOAK_REMOTE_ISPN_TRUSTSTORE_PASSWORD:password}"
                                    type="${env.KEYCLOAK_REMOTE_ISPN_TRUSTSTORE_TYPE:JKS}"/>
                    </encryption> -->
                </security>
            </remote-store>
        </distributed-cache>

        <distributed-cache name="loginFailures" owners="2">
            <expiration lifespan="-1"/>
            <remote-store xmlns="urn:infinispan:config:store:remote:13.0"
                          cache="loginFailures"
                          fetch-state="false"
                          purge="false"
                          preload="false"
                          shared="true"
                          segmented="false"
                          connect-timeout="${env.KEYCLOAK_REMOTE_ISPN_CONN_TIMEOUT:2000}"
                          raw-values="true"
                          marshaller="org.keycloak.cluster.infinispan.KeycloakHotRodMarshallerFactory">
                <remote-server host="infinispan-server" port="${infinispan.bind.port:11222}"/>
                <security>
                    <authentication>
                        <!--                        <plain username="${env.KEYCLOAK_REMOTE_ISPN_USERNAME:keycloak}"-->
                        <!--                               password="${env.KEYCLOAK_REMOTE_ISPN_PASSWORD:password}"-->
                        <!--                        />-->
                        <digest username="${env.KEYCLOAK_REMOTE_ISPN_USERNAME:keycloak}"
                                password="${env.KEYCLOAK_REMOTE_ISPN_PASSWORD:password}"
                                realm="default"/>
                    </authentication>
                    <!-- <encryption>
                        <truststore filename="${env.KEYCLOAK_REMOTE_ISPN_TRUSTSTORE_PATH:/opt/keycloak/conf/ispn-truststore.jks}"
                                    password="${env.KEYCLOAK_REMOTE_ISPN_TRUSTSTORE_PASSWORD:password}"
                                    type="${env.KEYCLOAK_REMOTE_ISPN_TRUSTSTORE_TYPE:JKS}"/>
                    </encryption> -->
                </security>
            </remote-store>
        </distributed-cache>

        <distributed-cache name="actionTokens" owners="2">
            <encoding>
                <key media-type="application/x-java-object"/>
                <value media-type="application/x-java-object"/>
            </encoding>
            <expiration max-idle="-1" lifespan="-1" interval="300000"/>
            <memory max-count="-1"/>
            <remote-store cache="actionTokens" xmlns="urn:infinispan:config:store:remote:13.0"
                          fetch-state="false"
                          purge="false"
                          preload="false"
                          shared="true"
                          segmented="false"
                          connect-timeout="${env.KEYCLOAK_REMOTE_ISPN_CONN_TIMEOUT:2000}"
                          raw-values="true"
                          marshaller="org.keycloak.cluster.infinispan.KeycloakHotRodMarshallerFactory">
                <remote-server host="infinispan-server" port="${infinispan.bind.port:11222}"/>
                <security>
                    <authentication>
                        <!--                        <plain username="${env.KEYCLOAK_REMOTE_ISPN_USERNAME:keycloak}"-->
                        <!--                               password="${env.KEYCLOAK_REMOTE_ISPN_PASSWORD:password}"-->
                        <!--                        />-->
                        <digest username="${env.KEYCLOAK_REMOTE_ISPN_USERNAME:keycloak}"
                                password="${env.KEYCLOAK_REMOTE_ISPN_PASSWORD:password}"
                                realm="default"/>
                    </authentication>
                    <!-- <encryption>
                        <truststore filename="${env.KEYCLOAK_REMOTE_ISPN_TRUSTSTORE_PATH:/opt/keycloak/conf/ispn-truststore.jks}"
                                    password="${env.KEYCLOAK_REMOTE_ISPN_TRUSTSTORE_PASSWORD:password}"
                                    type="${env.KEYCLOAK_REMOTE_ISPN_TRUSTSTORE_TYPE:JKS}"/>
                    </encryption> -->
                </security>
            </remote-store>
        </distributed-cache>

        <replicated-cache name="work">
            <expiration lifespan="-1"/>
<!--            <remote-store xmlns="urn:infinispan:config:store:remote:13.0"-->
<!--                          cache="work"-->
<!--                          fetch-state="false"-->
<!--                          purge="false"-->
<!--                          preload="false"-->
<!--                          shared="true"-->
<!--                          segmented="false"-->
<!--                          connect-timeout="${env.KEYCLOAK_REMOTE_ISPN_CONN_TIMEOUT:2000}"-->
<!--                          raw-values="true"-->
<!--                          marshaller="org.keycloak.cluster.infinispan.KeycloakHotRodMarshallerFactory">-->
<!--                <remote-server host="infinispan-server" port="${infinispan.bind.port:11222}"/>-->
<!--                <security>-->
<!--                    <authentication>-->
<!--                        &lt;!&ndash;                        <plain username="${env.KEYCLOAK_REMOTE_ISPN_USERNAME:keycloak}"&ndash;&gt;-->
<!--                        &lt;!&ndash;                               password="${env.KEYCLOAK_REMOTE_ISPN_PASSWORD:password}"&ndash;&gt;-->
<!--                        &lt;!&ndash;                        />&ndash;&gt;-->
<!--                        <digest username="${env.KEYCLOAK_REMOTE_ISPN_USERNAME:keycloak}"-->
<!--                                password="${env.KEYCLOAK_REMOTE_ISPN_PASSWORD:password}"-->
<!--                                realm="default"/>-->
<!--                    </authentication>-->
<!--                    <encryption>-->
<!--                        <truststore filename="${env.KEYCLOAK_REMOTE_ISPN_TRUSTSTORE_PATH:/opt/keycloak/conf/ispn-truststore.jks}"-->
<!--                                    password="${env.KEYCLOAK_REMOTE_ISPN_TRUSTSTORE_PASSWORD:password}"-->
<!--                                    type="${env.KEYCLOAK_REMOTE_ISPN_TRUSTSTORE_TYPE:JKS}"/>-->
<!--                    </encryption>-->
<!--                </security>-->
<!--            </remote-store>-->
        </replicated-cache>
    </cache-container>
</infinispan>