<?xml version="1.0" encoding="UTF-8"?>
<!--
  ~ Copyright 2019 Red Hat, Inc. and/or its affiliates
  ~ and other contributors as indicated by the @author tags.
  ~
  ~ Licensed under the Apache License, Version 2.0 (the "License");
  ~ you may not use this file except in compliance with the License.
  ~ You may obtain a copy of the License at
  ~
  ~ http://www.apache.org/licenses/LICENSE-2.0
  ~
  ~ Unless required by applicable law or agreed to in writing, software
  ~ distributed under the License is distributed on an "AS IS" BASIS,
  ~ WITHOUT WARRANTIES OR CONDITIONS OF ANY KIND, either express or implied.
  ~ See the License for the specific language governing permissions and
  ~ limitations under the License.
  -->

<infinispan
        xmlns:xsi="http://www.w3.org/2001/XMLSchema-instance"
        xsi:schemaLocation="urn:infinispan:config:11.0 http://www.infinispan.org/schemas/infinispan-config-11.0.xsd"
        xmlns="urn:infinispan:config:11.0">

    <!-- https://github.com/infinispan/infinispan.github.io/tree/develop/schemas -->

    <!-- custom stack goes into the jgroups element -->
    <!-- see https://infinispan.org/blog/2019/03/05/enhanced-jgroups-configuration/ -->
    <!-- see http://jgroups.org/manual4/index.html#CommonProps -->
    <jgroups xmlns="http://jgroups.org/schema/jgroups-4.2.xsd">
        <stack name="custom-tcp" extends="tcp">

            <!--
            -Djgroups_remote_hosts=192.168.100.1[7800],192.168.100.2[7800]
            -Djgroups.external_addr=192.168.100.1
            -->
            <TCPPING initial_hosts="${jgroups_remote_hosts}"
                     port_range="0"
                     stack.position="MPING"
                     stack.combine="REPLACE"/>

            <SYM_ENCRYPT provider="SunJCE"
                         sym_algorithm="AES"
                         keystore_type="PKCS12"
                         keystore_name="${env.JGROUPS_KEYSTORE_PATH:/opt/keycloak/conf/jgroups.p12}"
                         alias="${env.JGROUPS_KEYSTORE_ALIAS:jgroups}"
                         store_password="${env.JGROUPS_KEYSTORE_PASSWORD:changeme3}"
                         stack.position="VERIFY_SUSPECT"
                         stack.combine="INSERT_AFTER"/>

            <AUTH auth_class="org.jgroups.auth.MD5Token"
                  token_hash="SHA"
                  auth_value="${jgroups_auth_password}"
                  stack.position="pbcast.STABLE"
                  stack.combine="INSERT_AFTER"/>
        </stack>
    </jgroups>

    <cache-container name="keycloak">

        <!-- stack reference to custom jgroups stack -->
        <transport lock-timeout="60000" stack="custom"/>

        <local-cache name="realms">
            <encoding>
                <key media-type="application/x-java-object"/>
                <value media-type="application/x-java-object"/>
            </encoding>
            <memory storage="HEAP" max-count="10000"/>
        </local-cache>
        <local-cache name="users">
            <encoding>
                <key media-type="application/x-java-object"/>
                <value media-type="application/x-java-object"/>
            </encoding>
            <memory storage="HEAP" max-count="10000"/>
        </local-cache>
        <distributed-cache name="sessions" owners="2">
            <expiration lifespan="900000000000000000"/>
        </distributed-cache>
        <distributed-cache name="authenticationSessions" owners="1">
            <expiration lifespan="900000000000000000"/>
        </distributed-cache>
        <distributed-cache name="offlineSessions" owners="1">
            <expiration lifespan="900000000000000000"/>
        </distributed-cache>
        <distributed-cache name="clientSessions" owners="2">
            <expiration lifespan="900000000000000000"/>
        </distributed-cache>
        <distributed-cache name="offlineClientSessions" owners="1">
            <expiration lifespan="900000000000000000"/>
        </distributed-cache>
        <distributed-cache name="loginFailures" owners="1">
            <expiration lifespan="900000000000000000"/>
        </distributed-cache>
        <local-cache name="authorization">
            <encoding>
                <key media-type="application/x-java-object"/>
                <value media-type="application/x-java-object"/>
            </encoding>
            <memory storage="HEAP" max-count="10000"/>
        </local-cache>
        <replicated-cache name="work">
            <expiration lifespan="900000000000000000"/>
        </replicated-cache>
        <local-cache name="keys">
            <encoding>
                <key media-type="application/x-java-object"/>
                <value media-type="application/x-java-object"/>
            </encoding>
            <expiration max-idle="3600000"/>
            <memory storage="HEAP" max-count="1000"/>
        </local-cache>
        <distributed-cache name="actionTokens" owners="2">
            <encoding>
                <key media-type="application/x-java-object"/>
                <value media-type="application/x-java-object"/>
            </encoding>
            <expiration max-idle="-1" lifespan="900000000000000000" interval="300000"/>
            <memory storage="HEAP" max-count="-1"/>
        </distributed-cache>
    </cache-container>
</infinispan>